priority,artist_fa,artist_latin,segment,genre,reason,source_snapshot,rights_status,next_action
P0-Global,آرش,Arash,معاصر,پاپ,در ۱۰ هنرمند نخست نمایهٔ عمومی FarsiChart,2026-09-30; Spotify public monthly listeners,تأییدنشده,هویت هنرمند و مالک ضبط/ناشر را تطبیق دهید
P0-Global,سامی بیگی,Sami Beigi,معاصر,پاپ,در ۱۰ هنرمند نخست نمایهٔ عمومی FarsiChart,2026-09-30; Spotify public monthly listeners,تأییدنشده,فهرست آثار و مسیر اخذ مجوز را بررسی کنید
P0-Global,هایده,Hayedeh,میراث,پاپ کلاسیک,در ۱۰ هنرمند نخست نمایهٔ عمومی FarsiChart,2026-09-30; Spotify public monthly listeners,تأییدنشده,دارندهٔ حقوق هر ضبط و تصویر جداگانه شناسایی شود
P0-Global,معین,Moein,میراث,پاپ کلاسیک,در ۱۰ هنرمند نخست نمایهٔ عمومی FarsiChart,2026-09-30; Spotify public monthly listeners,تأییدنشده,فهرست آلبوم‌ها و مالک کاتالوگ بررسی شود
P0-Global,ابی,Ebi,میراث,پاپ کلاسیک,در ۱۰ هنرمند نخست نمایهٔ عمومی FarsiChart,2026-09-30; Spotify public monthly listeners,تأییدنشده,فهرست آلبوم‌ها و مالک کاتالوگ بررسی شود
P0-Global,آرتا,Arta,معاصر,رپ,در ۱۰ هنرمند نخست نمایهٔ عمومی FarsiChart,2026-09-30; Spotify public monthly listeners,تأییدنشده,نسخهٔ صحیح پروفایل/هم‌نام‌ها را تأیید کنید
P0-Global,عرفان طهماسبی,Erfan Tahmasbi,معاصر,پاپ,در ۱۰ هنرمند نخست نمایهٔ عمومی FarsiChart,2026-09-30; Spotify public monthly listeners,تأییدنشده,پروفایل رسمی و ناشر را بررسی کنید
P0-Global,کوروش,Koorosh,معاصر,رپ,در ۱۰ هنرمند نخست نمایهٔ عمومی FarsiChart,2026-09-30; Spotify public monthly listeners,تأییدنشده,هم‌نام‌ها و مالکیت آثار را تطبیق دهید
P0-Global,گوگوش,Googoosh,میراث,پاپ کلاسیک,در ۱۰ هنرمند نخست نمایهٔ عمومی FarsiChart,2026-09-30; Spotify public monthly listeners,تأییدنشده,حقوق ضبط/ترانه/تصویر جداگانه بررسی شود
P0-Global,امیر تتلو,Amir Tataloo,معاصر,رپ/پاپ,در ۱۰ هنرمند نخست نمایهٔ عمومی FarsiChart,2026-09-30; Spotify public monthly listeners,تأییدنشده,وضعیت حقوقی/سیاست محتوا و مالکیت هر اثر پیش از هر اقدامی بررسی شود
P1,محسن یگانه,Mohsen Yeganeh,معاصر,پاپ,در جمع هنرمندان پربازدیدِ snapshotهای FarsiChart,2026-09; public chart signal,تأییدنشده,فهرست انتشار و مسیر مجوز بررسی شود
P1,شادمهر عقیلی,Shadmehr Aghili,معاصر,پاپ,در جمع هنرمندان پربازدیدِ snapshotهای FarsiChart,2026-09; public chart signal,تأییدنشده,فهرست انتشار و مالک ضبط بررسی شود
P1,منصور,Mansour,میراث/معاصر,پاپ,در جمع هنرمندان پربازدیدِ snapshotهای FarsiChart,2026-09; public chart signal,تأییدنشده,کاتالوگ و مالکیت آثار بررسی شود
P1,مجید رضوی,Majid Razavi,معاصر,پاپ,در جمع هنرمندان پربازدیدِ snapshotهای FarsiChart,2026-09; public chart signal,تأییدنشده,پروفایل رسمی و ناشر بررسی شود
P1,تی‌ام‌باکس,TM Bax,معاصر,پاپ/رپ,در جمع هنرمندان پربازدیدِ snapshotهای FarsiChart,2026-09; public chart signal,تأییدنشده,هم‌نام‌ها و مالکیت آثار بررسی شود
P1,سیجل,Sijal,معاصر,رپ,در جمع هنرمندان پربازدیدِ snapshotهای FarsiChart,2026-09; public chart signal,تأییدنشده,نسخهٔ صحیح پروفایل و مجوز بررسی شود
P1,بهرزاد لیتو,Behzad Leito,معاصر,رپ,در جمع هنرمندان پربازدیدِ snapshotهای FarsiChart,2026-09; public chart signal,تأییدنشده,فهرست آثار/همکاری‌ها تطبیق شود
P1,سپهر خلسه,Sepehr Khalse,معاصر,رپ,در جمع هنرمندان پربازدیدِ snapshotهای FarsiChart,2026-09; public chart signal,تأییدنشده,نسخهٔ صحیح پروفایل و مجوز بررسی شود
P1,مهراد هیدن,Mehrad Hidden,معاصر,رپ,در جمع هنرمندان پربازدیدِ snapshotهای FarsiChart,2026-09; public chart signal,تأییدنشده,فهرست آثار/گروه‌های مرتبط تطبیق شود
P1,آرمان میلادی,Arman Miladi,معاصر,رپ,در جمع هنرمندان پربازدیدِ snapshotهای FarsiChart,2026-09; public chart signal,تأییدنشده,هویت/مالکیت آثار بررسی شود
P1,سارن,Saaren,معاصر,رپ/پاپ,در جمع هنرمندان پربازدیدِ snapshotهای FarsiChart,2026-09; public chart signal,تأییدنشده,هویت/مالکیت آثار بررسی شود
P1,سیروان خسروی,Sirvan Khosravi,معاصر,پاپ,نام پرتکرار در نمودارها و پلی‌لیست‌های فارسی,2026-09; corroborate with fresh audience data,تأییدنشده,ناشر و مجوز ضبط بررسی شود
P1,هوروش بند,Hoorosh Band,معاصر,پاپ,نام پرتکرار در نمودارها و پلی‌لیست‌های فارسی,2026-09; corroborate with fresh audience data,تأییدنشده,حقوق گروه/ناشر و تک‌آهنگ‌ها بررسی شود
P1,علی یاسینی,Ali Yasini,معاصر,پاپ,نام پرتکرار در نمودارها و پلی‌لیست‌های فارسی,2026-09; corroborate with fresh audience data,تأییدنشده,ناشر و مجوز ضبط بررسی شود
P1,بهنام بانی,Behnam Bani,معاصر,پاپ,نام پرتکرار در نمودارهای پاپ,2026-09; public chart signal,تأییدنشده,ناشر و مجوز ضبط بررسی شود
P1,ناصر زینعلی,Naser Zeynali,معاصر,پاپ,در فهرست‌های تازهٔ موسیقی فارسیِ سپتامبر ۲۰۲۶ دیده می‌شود,2026-09; current release listings,تأییدنشده,ترند را با دادهٔ پلتفرم خود تأیید کنید
P0-RJ,علیرضا طلیسچی,Alireza Talischi,معاصر,پاپ,در ۱۰ هنرمند نخست snapshot RadioJavan/FarsiChart؛ سیگنال پلتفرمی، نه رتبهٔ خالص ایران,2026-09-04; FarsiChart RadioJavan monthly plays snapshot (third-party),تأییدنشده,پروفایل و حقوق آثار بررسی شود
P1,سیامک قمیشی,Siavash Ghomayshi,میراث,پاپ کلاسیک,در جمع هنرمندان کلاسیک پربازدیدِ snapshotهای FarsiChart,2026-09; public chart signal,تأییدنشده,کاتالوگ و مالکیت آثار بررسی شود
P1,داریوش,Dariush,میراث,پاپ کلاسیک,در جمع هنرمندان کلاسیک پربازدیدِ snapshotهای FarsiChart,2026-09; public chart signal,تأییدنشده,کاتالوگ و مالکیت آثار بررسی شود
P1,اندی,Andy,میراث,پاپ کلاسیک,در جمع هنرمندان کلاسیک پربازدیدِ snapshotهای FarsiChart,2026-09; public chart signal,تأییدنشده,کاتالوگ و مالکیت آثار بررسی شود
P1,مهستی,Mahasti,میراث,پاپ کلاسیک,در جمع هنرمندان کلاسیک پربازدیدِ snapshotهای FarsiChart,2026-09; public chart signal,تأییدنشده,دارندهٔ حقوق هر ضبط/تصویر شناسایی شود
P1,شهرام شب‌پره,Shahram Shabpareh,میراث,پاپ کلاسیک,در جمع هنرمندان کلاسیک پربازدیدِ snapshotهای FarsiChart,2026-09; public chart signal,تأییدنشده,کاتالوگ و مالکیت آثار بررسی شود
P1,ویگن,Viguen,میراث,پاپ کلاسیک,در جمع هنرمندان کلاسیک پربازدیدِ snapshotهای FarsiChart,2026-09; public chart signal,تأییدنشده,دارندهٔ حقوق ضبط/تصویر شناسایی شود
P1,آرون افشار,Aron Afshar,معاصر,پاپ,نام پرتکرار در نمودارهای پاپ,2026-09; public chart signal,تأییدنشده,پروفایل رسمی و ناشر بررسی شود
P1,رضا بهرام,Reza Bahram,معاصر,پاپ,نام پرتکرار در نمودارهای پاپ,2026-09; public chart signal,تأییدنشده,پروفایل رسمی و ناشر بررسی شود
P1,حامیم,Haamim,معاصر,پاپ,نام پرتکرار در فهرست‌های ترند فارسی,2026-09; current release listings,تأییدنشده,ترند را با دادهٔ پلتفرم خود تأیید کنید
P1,آصف آریا,Asef Aria,معاصر,پاپ,انتشار تازه در صفحه‌های موسیقی روزِ ۱۳ مهر ۱۴۰۵,2026-10-05; current release listing,تأییدنشده,از نمودار مستقل و ناشر نیز تأیید شود
P1,سغند,Sogand,معاصر,پاپ/رپ,در پلی‌لیست‌های پرشنوندهٔ فارسی دیده می‌شود,2025-2026; playlist signal,تأییدنشده,پروفایل رسمی و مجوز بررسی شود
P1,دونیا,Donya,معاصر,پاپ,در پلی‌لیست‌های پرشنوندهٔ فارسی دیده می‌شود,2025-2026; playlist signal,تأییدنشده,هم‌نام‌ها و مالکیت آثار بررسی شود
P2,هیچ‌کس,Hichkas,تأثیرگذار,رپ,اولویت پوشش تاریخچه و پایه‌های رپ فارسی,editorial coverage,تأییدنشده,کاتالوگ را فقط با مجوز عرضه کنید
P2,یاس,Yas,تأثیرگذار,رپ,اولویت پوشش تاریخچه و پایه‌های رپ فارسی,editorial coverage,تأییدنشده,کاتالوگ را فقط با مجوز عرضه کنید
P2,بهرام,Bahram,تأثیرگذار,رپ,اولویت پوشش تاریخچه و پایه‌های رپ فارسی,editorial coverage,تأییدنشده,کاتالوگ را فقط با مجوز عرضه کنید
P2,رضا پیشرو,Reza Pishro,تأثیرگذار,رپ,اولویت پوشش تاریخچه و پایه‌های رپ فارسی,editorial coverage,تأییدنشده,کاتالوگ را فقط با مجوز عرضه کنید
P2,همایون شجریان,Homayoun Shajarian,معاصر,سنتی/تلفیقی,پوشش ضروری موسیقی سنتی و معاصر,editorial + chart signal,تأییدنشده,حقوق اجرا/ضبط و ناشر بررسی شود
P2,محمدرضا شجریان,Mohammad-Reza Shajarian,میراث,سنتی,پوشش مرجع موسیقی سنتی فارسی,editorial coverage,تأییدنشده,دارندهٔ حقوق ضبط/اجرا و تصویر شناسایی شود
P2,علیرضا قربانی,Alireza Ghorbani,معاصر,سنتی/تلفیقی,پوشش ضروری آواز و موسیقی تلفیقی,editorial coverage,تأییدنشده,ناشر و حقوق هر ضبط بررسی شود
P2,سالار عقیلی,Salar Aghili,معاصر,سنتی,پوشش ضروری موسیقی سنتی,editorial coverage,تأییدنشده,ناشر و حقوق هر ضبط بررسی شود
P2,شهرام ناظری,Shahram Nazeri,میراث/معاصر,سنتی,پوشش ضروری موسیقی سنتی,editorial coverage,تأییدنشده,کاتالوگ و مالک ضبط بررسی شود
P2,کیهان کلهر,Kayhan Kalhor,معاصر,ساز/جهانی,پوشش ساز و موسیقی ایرانی در جهان,editorial coverage,تأییدنشده,حقوق ضبط و اجرا بررسی شود
P2,حسین علیزاده,Hossein Alizadeh,معاصر,ساز/سنتی,پوشش ساز و موسیقی سنتی,editorial coverage,تأییدنشده,حقوق ضبط/اجرا بررسی شود
P2,سیما بینا,Sima Bina,میراث/معاصر,محلی/آواز,پوشش موسیقی محلی و رپرتوار منطقه‌ای,editorial coverage,تأییدنشده,منطقه/گویش/حقوق ضبط با دقت ثبت شود
P2,محسن نامجو,Mohsen Namjoo,معاصر,تلفیقی/آلترناتیو,پوشش موسیقی تلفیقی و مستقل,editorial coverage,تأییدنشده,حقوق چندگانهٔ ضبط/انتشار بررسی شود
P2,لیلا فروهر,Leila Forouhar,میراث/معاصر,پاپ کلاسیک,تنوع نسل/صدای زن در کاتالوگ,editorial + chart signal,تأییدنشده,دارندهٔ حقوق آثار بررسی شود
P2,فریدون فروغی,Fereydoun Foroughi,میراث,راک/پاپ کلاسیک,پوشش میراث موسیقی ایران,editorial coverage,تأییدنشده,مالکیت ضبط و حقوق آثار بررسی شود
P2,سوزان روشن,Susan Roshan,میراث/معاصر,پاپ,تنوع کاتالوگ پاپ فارسی,editorial coverage,تأییدنشده,دارندهٔ حقوق آثار بررسی شود
P2,علی زندوکیلی,Ali Zand Vakili,معاصر,پاپ/تلفیقی,پوشش تلفیق موسیقی محلی و پاپ,2026-09; current release listings,تأییدنشده,پروفایل رسمی و ناشر بررسی شود
P0-RJ,حبیب,Habib,میراث,پاپ کلاسیک,در ۱۰ هنرمند نخست snapshot پخش RadioJavan/FarsiChart؛ سیگنال پلتفرمی، نه رتبهٔ خالص ایران,2026-09-04; FarsiChart RadioJavan monthly plays snapshot (third-party),تأییدنشده,هویت هنرمند، دارندهٔ ضبط و مجوز دانلود/پخش را جداگانه بررسی کنید
P0-RJ,پازل بند,Puzzle Band,معاصر,پاپ,در ۱۰ هنرمند نخست snapshot پخش RadioJavan/FarsiChart؛ سیگنال پلتفرمی، نه رتبهٔ خالص ایران,2026-09-04; FarsiChart RadioJavan monthly plays snapshot (third-party),تأییدنشده,هویت هنرمند، دارندهٔ ضبط و مجوز دانلود/پخش را جداگانه بررسی کنید
P0-RJ,امیرعباس گلاب,Amirabbas Golab,معاصر,پاپ,در ۱۰ هنرمند نخست snapshot پخش RadioJavan/FarsiChart؛ سیگنال پلتفرمی، نه رتبهٔ خالص ایران,2026-09-04; FarsiChart RadioJavan monthly plays snapshot (third-party),تأییدنشده,هویت هنرمند، دارندهٔ ضبط و مجوز دانلود/پخش را جداگانه بررسی کنید
P0-RJ,هلیوم,Heliyom,معاصر,رپ/پاپ,در ۱۰ هنرمند نخست snapshot پخش RadioJavan/FarsiChart؛ سیگنال پلتفرمی، نه رتبهٔ خالص ایران,2026-09-04; FarsiChart RadioJavan monthly plays snapshot (third-party),تأییدنشده,هویت هنرمند، دارندهٔ ضبط و مجوز دانلود/پخش را جداگانه بررسی کنید
P0-RJ,سهراب ام‌جی,Sohrab MJ,معاصر,رپ,در ۱۰ هنرمند نخست snapshot پخش RadioJavan/FarsiChart؛ سیگنال پلتفرمی، نه رتبهٔ خالص ایران,2026-09-04; FarsiChart RadioJavan monthly plays snapshot (third-party),تأییدنشده,هویت هنرمند، دارندهٔ ضبط و مجوز دانلود/پخش را جداگانه بررسی کنید
P0-RJ,مارتیک,Martik,میراث,پاپ کلاسیک,در ۱۰ هنرمند نخست snapshot پخش RadioJavan/FarsiChart؛ سیگنال پلتفرمی، نه رتبهٔ خالص ایران,2026-09-04; FarsiChart RadioJavan monthly plays snapshot (third-party),تأییدنشده,هویت هنرمند، دارندهٔ ضبط و مجوز دانلود/پخش را جداگانه بررسی کنید
P0-RJ,علیشمس,Alishmas,معاصر,رپ/پاپ,در ۱۰ هنرمند نخست snapshot پخش RadioJavan/FarsiChart؛ سیگنال پلتفرمی، نه رتبهٔ خالص ایران,2026-09-04; FarsiChart RadioJavan monthly plays snapshot (third-party),تأییدنشده,هویت هنرمند، دارندهٔ ضبط و مجوز دانلود/پخش را جداگانه بررسی کنید
P0-RJ,مرتضی پاشایی,Morteza Pashaei,میراث/معاصر,پاپ,در ۱۰ هنرمند نخست snapshot پخش RadioJavan/FarsiChart؛ سیگنال پلتفرمی، نه رتبهٔ خالص ایران,2026-09-04; FarsiChart RadioJavan monthly plays snapshot (third-party),تأییدنشده,هویت هنرمند، دارندهٔ ضبط و مجوز دانلود/پخش را جداگانه بررسی کنید
P0-RJ,ایوان بند,Evan Band,معاصر,پاپ,در ۱۰ هنرمند نخست snapshot پخش RadioJavan/FarsiChart؛ سیگنال پلتفرمی، نه رتبهٔ خالص ایران,2026-09-04; FarsiChart RadioJavan monthly plays snapshot (third-party),تأییدنشده,هویت هنرمند، دارندهٔ ضبط و مجوز دانلود/پخش را جداگانه بررسی کنید
