شناسه,بخش اصلی,زیربخش,نوع محتوا,تگ‌های پیشنهادی,یادداشت
music,sound,تک‌آهنگ,track,"سبک؛ حال‌وهوا؛ سال؛ زبان؛ نسخه",متادیتای نسخه و ISRC در صورت موجود بودن
music,sound,آلبوم,album,"سبک؛ سال انتشار؛ ناشر؛ تعداد قطعه",فهرست قطعات و ترتیب اصلی حفظ شود
music,sound,مینی‌آلبوم,ep,"سبک؛ سال؛ ناشر",EP را از آلبوم کامل جدا نگه دارید
music,sound,اجرای زنده,live,"مکان؛ رویداد؛ تاریخ اجرا؛ نسخه",مجوز ضبط/اجرا و تصویر جداگانه بررسی شود
music,sound,بی‌کلام,instrumental,"ساز؛ حال‌وهوا؛ کاربرد؛ سبک",نسخهٔ بی‌کلام را به قطعهٔ اصلی پیوند دهید
music,sound,موسیقی فیلم و سریال,soundtrack,"نام اثر؛ آهنگساز؛ سال؛ صحنه",موسیقی متن، تیتراژ و آلبوم موسیقی متن جدا برچسب بخورند
music,video,موزیک‌ویدئو,music_video,"هنرمند؛ کارگردان؛ سال؛ نسخه",حق آهنگ و حق تصویر هر دو لازم است
music,version,ریمیکس,remix,"ریمیکسر؛ ژانر؛ نسخهٔ اصلی؛ مجوز",ریمیکس را بدون مجوز صاحب ضبط/اثر منتشر نکنید
music,version,کاور و بازخوانی,cover,"هنرمند؛ اثر اصلی؛ زبان؛ نسخه",وضعیت مجوز آهنگسازی/ترانه ثبت شود
music,version,آکوستیک و بازتنظیم,alternate_version,"نسخه؛ سازبندی؛ سال",نسخه‌ها از قطعهٔ اصلی قابل تمایز باشند
audio,podcast,پادکست,episode,"موضوع؛ میزبان؛ مهمان؛ مدت؛ فصل",فید، مجوز موسیقی‌های استفاده‌شده و رضایت مهمان ثبت شود
audio,radio,رادیو و میکس,radio_mix,"کانال؛ میزبان؛ ژانر؛ حال‌وهوا",حقوق هر قطعهٔ داخل میکس روشن شود
playlist,mood,حال‌وهوا,playlist,"شاد؛ آرام؛ غمگین؛ عاشقانه؛ نوستالژی",نام‌ها ساده و غیرقضاوتی باشند
playlist,activity,موقعیت,playlist,"تمرکز؛ ورزش؛ سفر؛ کار؛ خواب؛ مهمانی",تگ موقعیت می‌تواند چندگانه باشد
genre,persian_pop,پاپ فارسی,genre,"پاپ؛ پاپ تلفیقی",زیرسبک فقط با داده و سیاست ویراستاری
genre,rap,رپ و هیپ‌هاپ,genre,"رپ؛ هیپ‌هاپ؛ ترپ",برچسب صریح محتوا در صورت نیاز
genre,rock_alt,راک و آلترناتیو,genre,"راک؛ آلترناتیو؛ ایندی",مرز ژانرها قابل چندبرچسب‌گذاری است
genre,electronic_dance,الکترونیک و رقص,genre,"الکترونیک؛ هاوس؛ تکنو؛ رقصی",نسخهٔ ریمیکس تگ جدا دارد
genre,traditional,سنتی و کلاسیک ایرانی,genre,"دستگاه؛ آواز؛ ساز",رده‌بندی تخصصی را با ویراستار موسیقی تکمیل کنید
genre,folk_regional,محلی و منطقه‌ای,genre,"کردی؛ ترکی/آذری؛ لری؛ گیلکی؛ مازندرانی؛ جنوبی/بندری؛ بلوچی؛ خراسانی",نام زبان/منطقه را با خود هنرمند و منبع معتبر تأیید کنید
genre,world,فارسی‌زبانان منطقه,genre,"دَری/افغانستانی؛ تاجیکی؛ عربی",تنوع فارسی‌زبانان جهان را با برچسب محترمانه نمایش دهید
genre,jazz_blues,جاز و بلوز,genre,"جاز؛ بلوز؛ تلفیقی",در صورت پوشش کاتالوگ
mood,emotion,شاد,tag,"شاد؛ انرژی‌بخش",قابل ترکیب با سبک
mood,emotion,آرامش,tag,"آرامش؛ مدیتیشن؛ خواب",برای استفادهٔ درمانی ادعا نکنید
mood,emotion,تمرکز,tag,"مطالعه؛ کار؛ تمرکز",فقط برچسب تجربهٔ شنیداری
mood,emotion,غمگین و احساسی,tag,"غمگین؛ دلتنگی؛ احساسی",تگ‌های هم‌معنی ادغام شوند
mood,emotion,عاشقانه,tag,"عاشقانه؛ قرار؛ جدایی",کاربرد مناسبتی با دستهٔ مستقل اشتباه نشود
season,calendar,مناسبتی,playlist,"نوروز؛ یلدا؛ تولد؛ عروسی؛ مناسبت‌های فرهنگی",حقوق و حساسیت‌های فرهنگی رعایت شود
accessibility,content,محتوای صریح,flag,"explicit؛ مناسب همه",فقط بر اساس سیاست روشن و قوانین بازار هدف
rights,editorial,وضعیت حقوق,flag,"تأییدشده؛ در انتظار؛ محدود به قلمرو؛ منقضی",فیلد داخلی؛ نباید با ژانر مخلوط شود
